24/7 Building Access, Bus Line, Concierge, Metro/Subway, On Site Management, Property Manager on Site
Banking, Concierge, Corner Lot, Energy Star Labeled, Fitness Center, Food Court, Metro/Subway, On Site Management, Property Manager on Site, Restaurant
Atrium, Commuter Rail, Concierge, Courtyard, On Site Management, Property Manager on Site, Restaurant
24/7 Building Access, Concierge
Atrium, Concierge, Conferencing Facility, Food Service, Metro/Subway, Property Manager on Site, Restaurant
Corner Lot, On Site Management, Property Manager on Site, Restaurant
24/7 Building Access, Bus Line, Metro/Subway, On Site Management, Property Manager on Site
Atrium, Bus Line, Conferencing Facility, Metro/Subway, On Site Management, Security System, Signage
On Site Management, Property Manager on Site
24/7 Building Access, Balconies, Concierge, Energy Star Labeled
A/C, Street parking only
Atrium, Banking, Energy Star Labeled, Fitness Center, Metro/Subway, Restaurant, Security System
24/7 Building Access, Restaurant, Security System
Concierge, Energy Star Labeled, Metro/Subway, Property Manager on Site
Atrium, Banking, Concierge
24/7 Building Access, Bus Line, Metro/Subway, On Site Management, Property Manager on Site
Property Manager on Site, Restaurant
Bus Line, Metro/Subway
24/7 Building Access, Bus Line, Concierge, Metro/Subway, On Site Management, Property Manager on Site, Restaurant
24/7 Building Access, Bus Line, Metro/Subway
24/7 Building Access, Signage
24/7 Building Access, On Site Management, Property Manager on Site
24/7 Building Access, Banking, Food Service, On Site Management, Property Manager on Site, Restaurant
A/C, Bus Line, Corner Lot, Metro/Subway, Restaurant, Signage, Signalized Intersection, Street parking only, Tenant Controlled HVAC
Concierge, LEED Certified - Silver, LEED Registered, On Site Management, Property Manager on Site
Bus Line, Corner Lot, Metro/Subway
Bus Line, Metro/Subway
Energy Star Labeled, On Site Management, Property Manager on Site
Corner Lot, Signalized Intersection, Street parking only
Bus Line, LEED Registered, Metro/Subway, Signage
Enclosed Mall, Food Court, Hotel, Kiosk/Cart Space, Metro/Subway, Mixed Use, Restaurant, Signage
Bus Line, Enclosed Mall, Metro/Subway, Mixed Use
24/7 Building Access, Bus Line, Concierge, Food Service, Metro/Subway, Signage
24/7 Building Access, Property Manager on Site
Bus Line, LEED Certified - Platinum, LEED Registered, Metro/Subway, Restaurant
Bus Line, Energy Star Labeled, Metro/Subway
Corner Lot, Street parking only
Metro/Subway, On Site Management, Property Manager on Site, Signage
24/7 Building Access, Commuter Rail
Concierge, Conferencing Facility, Fitness Center, Hotel, Property Manager on Site, Restaurant
Bus Line, Corner Lot, Energy Star Labeled, LEED Registered, Metro/Subway
Mezzanine, Signage, Street parking only
Bus Line, Commuter Rail, Concierge, Fitness Center, Metro/Subway, On Site Management, Property Manager on Site
24/7 Building Access, Energy Star Labeled, Fitness Center, Metro/Subway, On Site Management
Mixed Use, Restaurant
24/7 Building Access, A/C, Atrium, Bus Line, Card Key Access, Commuter Rail, Concierge, Corner Lot, LEED Certified - Gold, LEED Registered, Mail Room, Metro/Subway, On Site Management, Property Manager on Site, Restaurant, Signage
